timestamp_utc,latitude,longitude
2026-09-15T11:02:11Z,24.5326,-148.8302
2026-09-15T11:03:19Z,20.4707,-145.1933
2026-09-16T17:32:43Z,37.4641,-15.5211
2026-09-17T00:43:06Z,-50.3765,124.6253
2026-09-17T22:14:19Z,-47.4683,109.3388
2026-09-18T09:06:31Z,-50.7130,-40.6084
2026-09-18T14:12:24Z,5.8478,-9.2425
2026-09-18T19:37:49Z,-7.4080,89.3691
2026-09-19T17:33:46Z,-49.4752,176.9197
2026-09-19T20:36:39Z,-45.4645,116.1345
2026-09-20T04:35:49Z,-40.4208,78.3134
2026-09-20T18:02:16Z,-10.5195,104.2467
2026-09-20T20:41:05Z,51.6048,-35.8755
2026-09-21T01:17:46Z,50.8253,-118.3192
2026-09-22T01:45:52Z,14.6771,164.0064
2026-09-22T13:58:56Z,-13.0841,-44.8806
2026-09-22T21:20:51Z,-49.9838,104.1105
2026-09-23T13:37:38Z,51.5550,51.5225
2026-09-23T19:05:53Z,-50.3103,169.1318
2026-09-23T22:51:30Z,49.6805,-106.5652
2026-09-24T21:10:32Z,-37.7558,62.0527
2026-09-25T04:41:45Z,-2.3374,-88.6693
2026-09-25T15:56:16Z,-50.7032,-157.3526
2026-09-28T00:28:45Z,41.4789,-88.4883
2026-09-29T12:21:26Z,-12.2554,138.7746
2026-09-29T23:39:53Z,-38.5963,97.2821
2026-09-30T20:13:46Z,40.0258,-135.3696
2026-10-01T13:22:27Z,51.4451,5.2688
2026-10-03T01:43:47Z,-51.6120,-3.0244
2026-10-03T14:18:34Z,-30.7804,-132.8010
2026-10-03T18:10:40Z,30.1289,-11.0207
2026-10-04T00:39:16Z,-22.1127,-63.6631
2026-10-04T14:20:54Z,17.8328,53.9795
2026-10-05T00:46:56Z,45.5766,143.6155
2026-10-06T22:27:20Z,-50.4789,7.0490
2026-10-08T23:46:14Z,-31.1207,-70.1190
2026-10-09T05:07:49Z,22.2120,18.4706
2026-10-09T14:01:23Z,-42.7579,176.8586
